"member_casual","start_month","start_day_of_week","total_rides","share"
"member","January","Monday",19739,0.164320499479709
"member","January","Tuesday",18878,0.15715296566077
"member","January","Wednesday",26432,0.220037460978148
"member","January","Thursday",22641,0.18847866805411
"member","January","Friday",13750,0.114464099895942
"member","January","Saturday",9683,0.0806077003121748
"member","January","Sunday",9002,0.0749386056191467
"member","February","Monday",25724,0.146294579639098
"member","February","Tuesday",31254,0.177744160785273
"member","February","Wednesday",29026,0.165073334963631
"member","February","Thursday",35724,0.203165431621331
"member","February","Friday",22821,0.129784971308655
"member","February","Saturday",14303,0.0813423795901886
"member","February","Sunday",16985,0.0965951420918237
"member","March","Monday",32829,0.14992807069623
"member","March","Tuesday",34705,0.158495649989724
"member","March","Wednesday",33688,0.153851072089147
"member","March","Thursday",30502,0.139300801497956
"member","March","Friday",28509,0.130198890233599
"member","March","Saturday",32613,0.148941611673098
"member","March","Sunday",26119,0.119283903820245
"member","April","Monday",49893,0.176312813626405
"member","April","Tuesday",55178,0.194989045162202
"member","April","Wednesday",36969,0.130641741465828
"member","April","Thursday",37168,0.131344971376069
"member","April","Friday",34515,0.121969750512404
"member","April","Saturday",37970,0.1341790939289
"member","April","Sunday",31287,0.110562583928193
"member","May","Monday",43087,0.113913241188228
"member","May","Tuesday",47864,0.126542655005763
"member","May","Wednesday",73210,0.193552310149004
"member","May","Thursday",61927,0.163722359112108
"member","May","Friday",64088,0.169435602415372
"member","May","Saturday",50196,0.132707987436681
"member","May","Sunday",37872,0.100125844692844
"member","June","Monday",53874,0.131592574499267
"member","June","Tuesday",57353,0.140090376160234
"member","June","Wednesday",63241,0.154472398632145
"member","June","Thursday",61318,0.149775280898876
"member","June","Friday",55131,0.134662921348315
"member","June","Saturday",57663,0.140847581827064
"member","June","Sunday",60820,0.148558866634099
"member","July","Monday",65955,0.154000438967213
"member","July","Tuesday",71256,0.166377913411382
"member","July","Wednesday",78093,0.182341843382102
"member","July","Thursday",57760,0.134865671362993
"member","July","Friday",57739,0.134816637791341
"member","July","Saturday",55818,0.13033123345117
"member","July","Sunday",41657,0.0972662616337986
"member","August","Monday",53677,0.122757907784631
"member","August","Tuesday",57844,0.13228772878317
"member","August","Wednesday",64194,0.146810014202109
"member","August","Thursday",72345,0.165451139942231
"member","August","Friday",71515,0.163552951454401
"member","August","Saturday",67823,0.155109443144681
"member","August","Sunday",49861,0.114030814688777
"member","September","Monday",77464,0.163335188839971
"member","September","Tuesday",65830,0.138804547678086
"member","September","Wednesday",76341,0.160967309346693
"member","September","Thursday",74411,0.156897845925476
"member","September","Friday",65364,0.137821972572238
"member","September","Saturday",57622,0.121497731221429
"member","September","Sunday",57232,0.120675404416106
"member","October","Thursday",20,1
"member","November","Monday",35502,0.146757058410153
"member","November","Tuesday",37767,0.156120044644703
"member","November","Wednesday",35758,0.147815303211938
"member","November","Thursday",29166,0.120565499565954
"member","November","Friday",42299,0.174854284651317
"member","November","Saturday",33271,0.13753462031334
"member","November","Sunday",28147,0.116353189202596
"member","December","Monday",27726,0.198099456987711
"member","December","Tuesday",25737,0.183888253786796
"member","December","Wednesday",19993,0.142847956559017
"member","December","Thursday",17841,0.127472134895684
"member","December","Friday",16940,0.121034581308945
"member","December","Saturday",15320,0.109459845670191
"member","December","Sunday",16403,0.117197770791655
"casual","January","Monday",4020,0.165296052631579
"casual","January","Tuesday",3399,0.139761513157895
"casual","January","Wednesday",4563,0.187623355263158
"casual","January","Thursday",4379,0.180057565789474
"casual","January","Friday",3094,0.127220394736842
"casual","January","Saturday",2503,0.102919407894737
"casual","January","Sunday",2362,0.0971217105263158
"casual","February","Monday",6367,0.135670147027488
"casual","February","Tuesday",7559,0.161069678244193
"casual","February","Wednesday",6426,0.136927338589388
"casual","February","Thursday",8038,0.171276369060303
"casual","February","Friday",6413,0.136650330279139
"casual","February","Saturday",5066,0.107948007670999
"casual","February","Sunday",7061,0.150458129128489
"casual","March","Monday",10294,0.125235714198815
"casual","March","Tuesday",9848,0.119809725415769
"casual","March","Wednesday",8984,0.109298392885385
"casual","March","Thursday",8692,0.105745951798727
"casual","March","Friday",9688,0.117863182354587
"casual","March","Saturday",19910,0.24222295217587
"casual","March","Sunday",14781,0.179824081170846
"casual","April","Monday",19873,0.151313034407669
"casual","April","Tuesday",19082,0.14529035991381
"casual","April","Wednesday",11201,0.0852844209933225
"casual","April","Thursday",10965,0.0834875168459764
"casual","April","Friday",14198,0.108103580864494
"casual","April","Saturday",30809,0.234579745235539
"casual","April","Sunday",25209,0.19194134173919
"casual","May","Monday",24241,0.105246476732978
"casual","May","Tuesday",19717,0.0856047515260978
"casual","May","Wednesday",33478,0.145350503199812
"casual","May","Thursday",28757,0.124853468561951
"casual","May","Friday",39480,0.171409219975166
"casual","May","Saturday",50298,0.218377430251035
"casual","May","Sunday",34355,0.149158149752959
"casual","June","Monday",30428,0.101374965434295
"casual","June","Tuesday",30147,0.100438776224126
"casual","June","Wednesday",39145,0.130416820754748
"casual","June","Thursday",35388,0.117899871065756
"casual","June","Friday",39762,0.132472439056081
"casual","June","Saturday",60678,0.20215689998101
"casual","June","Sunday",64605,0.215240227483983
"casual","July","Monday",37483,0.117295656527726
"casual","July","Tuesday",36834,0.115264739016147
"casual","July","Wednesday",46253,0.144739642007761
"casual","July","Thursday",40687,0.127321942671173
"casual","July","Friday",49137,0.15376455125798
"casual","July","Saturday",67611,0.21157529102516
"casual","July","Sunday",41555,0.130038177494054
"casual","August","Monday",29835,0.0939560751018763
"casual","August","Tuesday",29191,0.0919279969263908
"casual","August","Wednesday",34493,0.108625000787297
"casual","August","Thursday",41030,0.12921125394436
"casual","August","Friday",53386,0.168122642044202
"casual","August","Saturday",77452,0.243911041688973
"casual","August","Sunday",52155,0.1642459895069
"casual","September","Monday",51449,0.148764894850524
"casual","September","Tuesday",35177,0.101714371633207
"casual","September","Wednesday",42226,0.122096570389283
"casual","September","Thursday",43892,0.126913812994989
"casual","September","Friday",47362,0.136947325505073
"casual","September","Saturday",61568,0.178024005250968
"casual","September","Sunday",64167,0.185539019375956
"casual","October","Thursday",12,1
"casual","November","Monday",10694,0.115207273980867
"casual","November","Tuesday",10467,0.112761785745066
"casual","November","Wednesday",9961,0.107310609325175
"casual","November","Thursday",8843,0.095266310436956
"casual","November","Friday",16599,0.178822287339481
"casual","November","Saturday",19302,0.207941911574593
"casual","November","Sunday",16958,0.182689821597863
"casual","December","Monday",7076,0.184930611818206
"casual","December","Tuesday",5733,0.149831429840838
"casual","December","Wednesday",4376,0.114366359145911
"casual","December","Thursday",4413,0.115333350756606
"casual","December","Friday",4330,0.113164153359642
"casual","December","Saturday",6228,0.162768209497426
"casual","December","Sunday",6107,0.159605885581371
